reason,n,avg,win_rate
hard_stop_5MA,116,-0.022198888878769793,0.4396551724137931
time_cut,4,-0.04044959406019671,0.25
trailing_stop,134,0.05889083666075238,0.7313432835820896
